{
  "evaluated": true,
  "model_type": "lightgbm",
  "test_accuracy": 0.8529411764705882,
  "precision_weighted": 0.885972850678733,
  "recall_weighted": 0.8529411764705882,
  "f1_weighted": 0.8618319876970396,
  "n_test_windows": 34,
  "n_classes": 3
}
