{
  "evaluated": true,
  "model_type": "lightgbm",
  "test_accuracy": 0.8235294117647058,
  "precision_weighted": 0.6782006920415224,
  "recall_weighted": 0.8235294117647058,
  "f1_weighted": 0.7438330170777988,
  "n_test_windows": 17,
  "n_classes": 4
}
