{
  "evaluated": true,
  "model_type": "lightgbm",
  "test_accuracy": 0.7647058823529411,
  "precision_weighted": 0.8177910324969149,
  "recall_weighted": 0.7647058823529411,
  "f1_weighted": 0.7796248934356351,
  "n_test_windows": 34,
  "n_classes": 3
}
