{
  "feature_dim": 8,
  "hidden_dim": 64,
  "bottleneck_dim": 16,
  "num_layers": 2,
  "normalizer": {
    "mean": [
      1.0560941696166992,
      -4.217530658934265e-06,
      3.6907986213918775e-06,
      0.9502626657485962,
      0.0017072608461603522,
      0.0003752658667508513,
      0.04075480252504349,
      0.005192724987864494
    ],
    "std": [
      0.7566936016082764,
      0.10816655308008194,
      0.07051120698451996,
      0.21792729198932648,
      0.0412491112947464,
      0.01936480775475502,
      0.19657470285892487,
      0.07170071452856064
    ]
  },
  "config": {
    "chunk_length": 64,
    "stride": 32,
    "hidden_dim": 64,
    "bottleneck_dim": 16,
    "num_layers": 2,
    "dropout": 0.2,
    "lr": 0.001,
    "epochs": 30,
    "seed": 42,
    "train_sessions": [
      "20260525T173638_shotik_gta5_25d4f2b7.json",
      "20260525T174712_shotik_gta5_e2be79de.json",
      "20260525T175446_shotik_gta5_23b5da09.json",
      "20260525T180545_shotik_gta5_b3e472e4.json",
      "20260525T181544_shotik_gta5_3e3a4d88.json",
      "20260530T184110_Dninix_gta5_6eb30320.json",
      "20260530T185021_Dninix_gta5_6d58b40c.json",
      "20260530T190236_Dninix_gta5_207d1385.json",
      "20260530T190559_Dninix_gta5_c8adcecc.json",
      "20260530T191154_Dninix_gta5_48cf5b70.json",
      "20260530T193007_Dninix_gta5_913236ce.json",
      "20260530T193907_Dninix_gta5_151612b7.json",
      "20260530T215133_hydRa_gta5_b0d3479f.json",
      "20260530T215922_hydRa_gta5_db2d3f25.json",
      "20260530T220816_hydRa_gta5_c04270e6.json",
      "20260627T205249_ropyk_gta5_b7372500.json",
      "20260627T210040_ropyk_gta5_31115eee.json",
      "20260627T211334_ropyk_gta5_2207ebeb.json",
      "20260627T212036_ropyk_gta5_4effe7a8.json"
    ],
    "val_sessions": [
      "20260530T192347_Dninix_gta5_4fa5ab47.json",
      "20260530T221548_hydRa_gta5_dbc81c45.json",
      "20260530T222352_hydRa_gta5_99dde393.json"
    ]
  },
  "training": {
    "train_loss": [
      0.8460054587184112,
      0.7782351614120292,
      0.7501435643357971,
      0.7314104175637776,
      0.7158118442917457,
      0.7047545078570467,
      0.6932139047226472,
      0.6920440740612089,
      0.6829078651938566,
      0.673950737202372,
      0.6688853985741189,
      0.668456399067485,
      0.6639073683013204,
      0.656398832645489,
      0.6541191264087006,
      0.6525663170537654,
      0.6701845541670752,
      0.6761072667413865,
      0.6485287380384406,
      0.6462815096417774,
      0.6422569615074611,
      0.6430093805416477,
      0.637852961264678,
      0.6416799101084486,
      0.6344912957896439,
      0.6303636372592365,
      0.6237033387959453,
      0.644837588571481,
      0.6218479576264486,
      0.6108631298377779
    ],
    "val_loss": [
      0.7608697094061436,
      0.7127600552689316,
      0.6986986483875502,
      0.6693484425952292,
      0.6587940178977119,
      0.6455391785426018,
      0.6422720632593856,
      0.640721925262712,
      0.6404602271675045,
      0.6138938500942328,
      0.6119369367045215,
      0.628552618169377,
      0.6195473468609345,
      0.5996099313303955,
      0.6202412586741978,
      0.6035029660330878,
      0.6698108211949341,
      0.6157782148092221,
      0.6108950006044828,
      0.5960170533106878,
      0.5970116476319794,
      0.605519429129413,
      0.6059953201734103,
      0.5972917809853187,
      0.5804690297648438,
      0.5647405439156752,
      0.616002827750312,
      0.5680061012251765,
      0.5913175289855044,
      0.5960705104241004
    ],
    "best_val_loss": 0.5647405439156752,
    "best_epoch": 26,
    "device": "cuda"
  }
}
