{
  "feature_dim": 8,
  "hidden_dim": 64,
  "bottleneck_dim": 16,
  "num_layers": 2,
  "normalizer": {
    "mean": [
      1.0519486665725708,
      -1.893286821541551e-06,
      4.04536831410951e-06,
      0.9526207447052002,
      0.001659240573644638,
      0.0004620443214662373,
      0.038191184401512146,
      0.005407530348747969
    ],
    "std": [
      0.7560528516769409,
      0.08227290958166122,
      0.039760857820510864,
      0.21283777058124542,
      0.040667373687028885,
      0.02148573100566864,
      0.1913159191608429,
      0.07315529137849808
    ]
  },
  "config": {
    "chunk_length": 64,
    "stride": 32,
    "hidden_dim": 64,
    "bottleneck_dim": 16,
    "num_layers": 2,
    "dropout": 0.2,
    "lr": 0.001,
    "epochs": 30,
    "seed": 42,
    "train_sessions": [
      "20260525T173638_shotik_gta5_25d4f2b7.json",
      "20260525T174712_shotik_gta5_e2be79de.json",
      "20260525T175446_shotik_gta5_23b5da09.json",
      "20260525T180545_shotik_gta5_b3e472e4.json",
      "20260525T181544_shotik_gta5_3e3a4d88.json",
      "20260530T184110_Dninix_gta5_6eb30320.json",
      "20260530T185021_Dninix_gta5_6d58b40c.json",
      "20260530T190236_Dninix_gta5_207d1385.json",
      "20260530T190559_Dninix_gta5_c8adcecc.json",
      "20260530T191154_Dninix_gta5_48cf5b70.json",
      "20260530T192347_Dninix_gta5_4fa5ab47.json",
      "20260530T193007_Dninix_gta5_913236ce.json",
      "20260530T215133_hydRa_gta5_b0d3479f.json",
      "20260530T215922_hydRa_gta5_db2d3f25.json",
      "20260530T220816_hydRa_gta5_c04270e6.json"
    ],
    "val_sessions": [
      "20260530T193907_Dninix_gta5_151612b7.json",
      "20260530T221548_hydRa_gta5_dbc81c45.json",
      "20260530T222352_hydRa_gta5_99dde393.json"
    ]
  },
  "training": {
    "train_loss": [
      0.8454512502775511,
      0.7560025778764541,
      0.7255918369720884,
      0.7052567400083533,
      0.6915284450693489,
      0.68437278047862,
      0.6756469480815537,
      0.6661114478989032,
      0.6594007598285979,
      0.6519500314027211,
      0.6465427802713493,
      0.643683773953921,
      0.6416110518616074,
      0.638177288308003,
      0.6305249087381751,
      0.6239350408038793,
      0.6223871102880236,
      0.6186087679419991,
      0.6161565168049647,
      0.6230823192961215,
      0.6166846328460374,
      0.6394943683871245,
      0.6243591519694958,
      0.6178264831482154,
      0.6095114703202469,
      0.6025493949675644,
      0.6063636777966732,
      0.6015378738306902,
      0.5970459553281817,
      0.595641629051104
    ],
    "val_loss": [
      0.781453748924387,
      0.7346799566791398,
      0.6906348706320246,
      0.6736912453036387,
      0.6796396749139828,
      0.6632514865805307,
      0.6537096709792394,
      0.6403320371285061,
      0.6316002776565562,
      0.6356262161616657,
      0.6269342761760968,
      0.6189121674353557,
      0.6153056194082236,
      0.6219672298103562,
      0.6203255273962188,
      0.6007831207373355,
      0.6147212915646801,
      0.6031416090038081,
      0.5973613194520662,
      0.6105201909984981,
      0.5904729920887632,
      0.6065298459959917,
      0.5919032398180423,
      0.6054294610094207,
      0.5792293683252877,
      0.5943077015214675,
      0.5850828838142689,
      0.5888095899841862,
      0.5763875117325082,
      0.5748478522452424
    ],
    "best_val_loss": 0.5748478522452424,
    "best_epoch": 30,
    "device": "cuda"
  }
}
