{
  "feature_dim": 8,
  "hidden_dim": 64,
  "bottleneck_dim": 16,
  "num_layers": 2,
  "normalizer": {
    "mean": [
      0.8300215005874634,
      0.08679502457380295,
      -5.2202925871824846e-05,
      0.9649003744125366,
      0.001296224188990891,
      0.0003286722057964653,
      0.030029192566871643,
      0.0021492948289960623
    ],
    "std": [
      0.49543026089668274,
      28.56856346130371,
      23.383060455322266,
      0.18405012786388397,
      0.03595844656229019,
      0.01812482252717018,
      0.1707666963338852,
      0.04627386853098869
    ]
  },
  "config": {
    "chunk_length": 64,
    "stride": 32,
    "hidden_dim": 64,
    "bottleneck_dim": 16,
    "num_layers": 2,
    "dropout": 0.2,
    "lr": 0.001,
    "epochs": 20,
    "seed": 42,
    "train_sessions": [
      "20260509T193208_hydRa_arc_raiders_650fe2f5.json",
      "20260509T193401_hydRa_arc_raiders_97e57c85.json",
      "20260516T052620_shotik_valorant_c299e04d.json",
      "20260516T052759_royik_tarkov_49e9e1d4.json",
      "20260516T052932_Rwa_cs2_94b438eb.json",
      "20260516T053401_shotik_valorant_8054d31f.json",
      "20260516T053803_hydRa_arc_raiders_94bcc6ed.json",
      "20260516T053924_royik_cs2_9e9f0de3.json",
      "20260516T054039_royik_tarkov_932757e8.json",
      "20260516T054218_Rwa_cs2_7b3c7928.json",
      "20260516T054335_Rwa_cs2_565ab118.json",
      "20260521T160527_hydRa_gta5_5bb02089.json",
      "20260521T161233_hydRa_gta5_044f8463.json"
    ],
    "val_sessions": [
      "20260516T053512_shotik_valorant_f2aa1f08.json",
      "20260516T053654_hydRa_arc_raiders_7f80d8fa.json"
    ]
  },
  "training": {
    "train_loss": [
      0.8654309584024629,
      0.7097806699268143,
      0.6811881766444224,
      0.6628522206083298,
      0.6526221097199632,
      0.6387788327850422,
      0.631286967989539,
      0.6328089717688764,
      0.6147625274126817,
      0.6383303726327979,
      0.609538385783598,
      0.6127083815725036,
      0.6040743778058795,
      0.597602908249989,
      0.6023919593261203,
      0.5974457489870207,
      0.5875676467364235,
      0.5840616013282265,
      0.5794722627609084,
      0.5802261437094735
    ],
    "val_loss": [
      0.875375395411985,
      0.5486557912942991,
      0.5076132800127046,
      0.4639861293826282,
      0.46852310672045894,
      0.42732087908939503,
      0.4192005826109809,
      0.4009000785185389,
      0.4136628463412776,
      0.3761556746952081,
      0.36632509998371154,
      0.3903819580088582,
      0.35920199483894466,
      0.3744517358605181,
      0.369088757171205,
      0.35133580074451,
      0.33742280408704395,
      0.332684848098117,
      0.33781836136129867,
      0.3550952429061776
    ],
    "best_val_loss": 0.332684848098117,
    "best_epoch": 18,
    "device": "cuda"
  }
}
