{
  "feature_dim": 8,
  "hidden_dim": 64,
  "bottleneck_dim": 16,
  "num_layers": 2,
  "normalizer": {
    "mean": [
      1.8309409618377686,
      0.038448210805654526,
      0.028634879738092422,
      1.0,
      0.0010883166687563062,
      0.0,
      0.0,
      0.0
    ],
    "std": [
      0.18420258164405823,
      2.0352230072021484,
      1.2652065753936768,
      1.0,
      0.032956309616565704,
      1.0,
      1.0,
      1.0
    ]
  },
  "config": {
    "objective": "masked_denoising",
    "corpus": "captcha30k",
    "max_sessions": 6000,
    "mask_frac": 0.15,
    "chunk_length": 64,
    "stride": 32,
    "hidden_dim": 64,
    "bottleneck_dim": 16,
    "num_layers": 2,
    "dropout": 0.2,
    "lr": 0.001,
    "epochs": 30,
    "seed": 42,
    "n_sessions": 6000,
    "n_train_chunks": 395188
  },
  "training": {
    "train_loss": [
      0.33973186386596005,
      0.3058034510576627,
      0.2900045107452573,
      0.2599474372186331,
      0.24518244684654117,
      0.24052338452780525,
      0.24711924006045152,
      0.2436526848637737,
      0.2433727852978219,
      0.25755609696139,
      0.23795482511281332,
      0.24131558398337136,
      0.23394543558709968
    ],
    "val_loss": [
      0.35736646113910986,
      0.35351027614980696,
      0.3193633311002774,
      0.227839403485125,
      0.29619020774977484,
      0.2305041171786653,
      0.2572278495879242,
      0.1936471860723652,
      0.2667602596613014,
      0.2827601928868335,
      0.30260255890303916,
      0.23280332612750707,
      0.3337007788892834
    ],
    "best_val_loss": 0.1936471860723652,
    "best_epoch": 8,
    "device": "cuda"
  }
}
