{
  "feature_dim": 8,
  "hidden_dim": 64,
  "bottleneck_dim": 16,
  "num_layers": 2,
  "normalizer": {
    "mean": [
      2.918459177017212,
      -2.48471897066338e-05,
      -9.118234629568178e-06,
      1.0,
      0.001531179528683424,
      0.0,
      0.0,
      0.0
    ],
    "std": [
      0.11343692243099213,
      10.518409729003906,
      2.3519155979156494,
      1.0,
      0.03907107934355736,
      1.0,
      1.0,
      1.0
    ]
  },
  "config": {
    "objective": "contrastive_ntxent",
    "temperature": 0.5,
    "proj_dim": 32,
    "chunk_length": 64,
    "stride": 64,
    "epochs": 20,
    "max_chunks_per_epoch": 250000,
    "seed": 42,
    "hidden_dim": 64,
    "bottleneck_dim": 16,
    "num_layers": 2,
    "corpus": "cs2cd_full",
    "source": "s1",
    "volume": 382
  },
  "training": {
    "train_loss": [
      6.170579973791466,
      5.8816655669056,
      5.846231848490043,
      5.831060422248528,
      5.809852698787314,
      5.783606832144691,
      5.776504864458178,
      5.770765371987077,
      5.786451970944639,
      5.760757045667679,
      5.756404844463849,
      5.757835336395951,
      5.725094115147825,
      5.767977267015175,
      5.77796936719144,
      5.745997911593953,
      5.740756995365268,
      5.742307249639855,
      5.751752265164109,
      5.756506906181086
    ],
    "val_loss": [
      5.957914361480399,
      5.899911444735897,
      5.890545810502158,
      5.861495864778138,
      5.8565879662517295,
      5.8415274664360215,
      5.833753950304997,
      5.835544536936687,
      5.8300439622289755,
      5.819203465992595,
      5.8209929842252315,
      5.823472611863123,
      5.810596501404409,
      5.813203332241939,
      5.811847754440571,
      5.807950783249842,
      5.80879161155929,
      5.807237736101487,
      5.803927359973312,
      5.810788151715089
    ],
    "best_val_loss": 5.803927359973312,
    "best_epoch": 19,
    "device": "cuda"
  }
}
