{
  "feature_dim": 8,
  "hidden_dim": 64,
  "bottleneck_dim": 16,
  "num_layers": 2,
  "normalizer": {
    "mean": [
      2.9062352180480957,
      0.0006705282139591873,
      0.00012844362936448306,
      1.0,
      0.0015211396384984255,
      0.0,
      0.0,
      0.0
    ],
    "std": [
      0.10189896076917648,
      13.576065063476562,
      6.138731956481934,
      1.0,
      0.038944609463214874,
      1.0,
      1.0,
      1.0
    ]
  },
  "config": {
    "objective": "masked_denoising",
    "mask_frac": 0.15,
    "chunk_length": 64,
    "stride": 32,
    "hidden_dim": 64,
    "bottleneck_dim": 16,
    "num_layers": 2,
    "dropout": 0.2,
    "lr": 0.001,
    "epochs": 15,
    "seed": 42,
    "n_train_chunks": 1579594,
    "corpus": "cs2cd_full",
    "source": "s1",
    "dt_override_ms": null,
    "max_matches": 50,
    "n_units": 50,
    "split_unit": "match",
    "manifest_seed": 42,
    "branch": "THIN"
  },
  "training": {
    "train_loss": [
      0.2967092065707723,
      0.2761590464656489,
      0.27177406260335396,
      0.26785191121583934,
      0.26821085941342243,
      0.26211393003440897,
      0.26107609907438795,
      0.2586951431782892,
      0.2559179313253496,
      0.24694884932563846
    ],
    "val_loss": [
      0.2437874929420189,
      0.21661962235274007,
      0.23017772628079078,
      0.22255703112356628,
      0.20160191400718588,
      0.22691904424165665,
      0.215696190852604,
      0.2071185466879206,
      0.22474923681582804,
      0.21244651229833303
    ],
    "best_val_loss": 0.20160191400718588,
    "best_epoch": 5,
    "device": "cuda"
  }
}
