{
  "feature_dim": 8,
  "hidden_dim": 64,
  "bottleneck_dim": 16,
  "num_layers": 2,
  "normalizer": {
    "mean": [
      0.0,
      0.0006705282139591873,
      0.00012844362936448306,
      1.0,
      0.0015211396384984255,
      0.0,
      0.0,
      0.0
    ],
    "std": [
      1.0,
      13.576065063476562,
      6.138731956481934,
      1.0,
      0.038944609463214874,
      1.0,
      1.0,
      1.0
    ]
  },
  "config": {
    "objective": "masked_denoising",
    "mask_frac": 0.15,
    "chunk_length": 64,
    "stride": 32,
    "hidden_dim": 64,
    "bottleneck_dim": 16,
    "num_layers": 2,
    "dropout": 0.2,
    "lr": 0.001,
    "epochs": 15,
    "seed": 42,
    "n_train_chunks": 1579594,
    "corpus": "cs2cd_full",
    "source": "s2",
    "dt_override_ms": 0.0,
    "max_matches": 50,
    "n_units": 50,
    "split_unit": "match",
    "manifest_seed": 42,
    "branch": "THIN"
  },
  "training": {
    "train_loss": [
      0.28772536955483435,
      0.27396439970590386,
      0.26906100264685007,
      0.264371638679847,
      0.26578272951622317,
      0.2624637146196327,
      0.2614639110443256,
      0.2580796560343913,
      0.25424760882897385,
      0.25476259050995265,
      0.252631370544065,
      0.2549833947447549,
      0.25527922369810696,
      0.24346582392093558,
      0.24942718955737517
    ],
    "val_loss": [
      0.23084733557942147,
      0.24358967873892315,
      0.22576966378053595,
      0.23840896256869618,
      0.20337628445876474,
      0.21663023601189296,
      0.20481449984542205,
      0.21154352698424034,
      0.2284729118240668,
      0.18912332075539356,
      0.20308068881293015,
      0.22768364682201855,
      0.23002013278078892,
      0.18208524735212206,
      0.264446059878704
    ],
    "best_val_loss": 0.18208524735212206,
    "best_epoch": 14,
    "device": "cuda"
  }
}
