{
  "feature_dim": 8,
  "hidden_dim": 64,
  "bottleneck_dim": 16,
  "num_layers": 2,
  "normalizer": {
    "mean": [
      3.583082437515259,
      -0.026483647525310516,
      0.0021015137899667025,
      0.8904991149902344,
      0.03462229296565056,
      0.040256317704916,
      0.0,
      0.0
    ],
    "std": [
      1.828704595565796,
      49.83943557739258,
      40.11919403076172,
      0.31634846329689026,
      0.18141944706439972,
      0.19411581754684448,
      1.0,
      1.0
    ]
  },
  "config": {
    "objective": "contrastive_ntxent",
    "corpus": "balabit",
    "noscale": true,
    "temperature": 0.5,
    "proj_dim": 32,
    "chunk_length": 64,
    "stride": 32,
    "epochs": 30,
    "seed": 42,
    "hidden_dim": 64,
    "bottleneck_dim": 16,
    "num_layers": 2
  },
  "training": {
    "train_loss": [
      5.09622617357785,
      4.797486233957035,
      4.734825153940732,
      4.706594349182758,
      4.6853023681443995,
      4.676571076678247,
      4.661317714710825,
      4.649598935215743,
      4.632649190647086,
      4.62927371939433,
      4.623044790680876,
      4.616612783412344,
      4.609684573006384,
      4.6069835879139065,
      4.604145870995276,
      4.598806781867116,
      4.5951697629751616,
      4.5901013305506755,
      4.5877237492000935,
      4.586954542042053,
      4.582212561184598,
      4.57840547610804,
      4.577896019847123,
      4.574277364101606,
      4.572805035974562,
      4.5732169347940035,
      4.572696848013966,
      4.567948660899684,
      4.564972400665283,
      4.565404810856298
    ],
    "val_loss": [
      5.542664863015275,
      5.363323585902726,
      5.306079929068572,
      5.300967220978201,
      5.233185338544855,
      5.2040243245848705,
      5.164416688525816,
      5.154726283587813,
      5.135613527003425,
      5.125746419908177,
      5.12384353159005,
      5.102130106022617,
      5.090596370985718,
      5.088598743785156,
      5.084571112589642,
      5.06804467676412,
      5.0542675394494,
      5.069926298379069,
      5.049626328799349,
      5.050891942640442,
      5.046340768872216,
      5.050489186118975,
      5.0384025268940915,
      5.028867529710881,
      5.025238885838553,
      5.043992027862839,
      5.03958314292683,
      5.043930384102811,
      5.039476390800781,
      5.0257837891359225
    ],
    "best_val_loss": 5.025238885838553,
    "best_epoch": 25,
    "device": "cuda"
  }
}
