{
  "feature_dim": 8,
  "hidden_dim": 64,
  "bottleneck_dim": 16,
  "num_layers": 2,
  "normalizer": {
    "mean": [
      0.0,
      -5.237184450379573e-05,
      -2.699579511045158e-07,
      1.0,
      0.0014768049586564302,
      0.0,
      0.0,
      0.0
    ],
    "std": [
      1.0,
      10.781230926513672,
      2.5649924278259277,
      1.0,
      0.03837307542562485,
      1.0,
      1.0,
      1.0
    ]
  },
  "config": {
    "objective": "masked_denoising",
    "mask_frac": 0.15,
    "chunk_length": 64,
    "stride": 32,
    "hidden_dim": 64,
    "bottleneck_dim": 16,
    "num_layers": 2,
    "dropout": 0.2,
    "lr": 0.001,
    "epochs": 15,
    "seed": 42,
    "n_train_chunks": 6319420,
    "corpus": "cs2cd_full",
    "source": "s2",
    "dt_override_ms": 0.0,
    "max_matches": 200,
    "n_units": 200,
    "split_unit": "match",
    "manifest_seed": 42,
    "branch": "THIN"
  },
  "training": {
    "train_loss": [
      0.5878690743104271,
      0.5682924778341873,
      0.5600432197573723,
      0.5501431797552849,
      0.550363872046698,
      0.5353204156795349,
      0.5379431450296913,
      0.5239788712603239,
      0.5191918584920382,
      0.5280552336486657,
      0.5153279712253429,
      0.5306379962434389,
      0.5374150260153394
    ],
    "val_loss": [
      0.48030694344003894,
      0.4438142466704704,
      0.5060240989543041,
      0.42162266068945786,
      0.47782195158109164,
      0.40656866992160606,
      0.43394017197375323,
      0.3922165253324105,
      0.39315666067246224,
      0.41375883299975497,
      0.39560806519525193,
      0.4601346246282255,
      0.41856149196436293
    ],
    "best_val_loss": 0.3922165253324105,
    "best_epoch": 8,
    "device": "cuda"
  }
}
