{
  "feature_dim": 8,
  "hidden_dim": 64,
  "bottleneck_dim": 16,
  "num_layers": 2,
  "normalizer": {
    "mean": [
      2.918459177017212,
      -2.48471897066338e-05,
      -9.118234629568178e-06,
      1.0,
      0.001531179528683424,
      0.0,
      0.0,
      0.0
    ],
    "std": [
      0.11343692243099213,
      10.518409729003906,
      2.3519155979156494,
      1.0,
      0.03907107934355736,
      1.0,
      1.0,
      1.0
    ]
  },
  "config": {
    "objective": "masked_denoising",
    "mask_frac": 0.15,
    "chunk_length": 64,
    "stride": 32,
    "hidden_dim": 64,
    "bottleneck_dim": 16,
    "num_layers": 2,
    "dropout": 0.2,
    "lr": 0.001,
    "epochs": 15,
    "seed": 42,
    "n_train_chunks": 12491473,
    "corpus": "cs2cd_full",
    "source": "s1",
    "dt_override_ms": null,
    "max_matches": 382,
    "n_units": 382,
    "split_unit": "match",
    "manifest_seed": 42,
    "branch": "THIN"
  },
  "training": {
    "train_loss": [
      0.7547673609673006,
      0.7333872063494264,
      0.7194629105479219,
      0.71264677107393,
      0.7071990185554307,
      0.711587872576936,
      0.7105996986877415,
      0.712749928418588,
      0.7038498893323878,
      0.7381145506036954
    ],
    "val_loss": [
      0.501224838062509,
      0.45255378992231016,
      0.43853302633951213,
      0.44814956372013853,
      0.41902946238751615,
      0.4647943778250252,
      0.4417043181407668,
      0.45772293863680436,
      0.4539662503748016,
      0.4811045853050184
    ],
    "best_val_loss": 0.41902946238751615,
    "best_epoch": 5,
    "device": "cuda"
  }
}
