{
  "feature_dim": 8,
  "hidden_dim": 64,
  "bottleneck_dim": 16,
  "num_layers": 2,
  "normalizer": {
    "mean": [
      2.7226688861846924,
      -5.237184450379573e-05,
      -2.699579511045158e-07,
      1.0,
      0.0014768049586564302,
      0.0,
      0.0,
      0.0
    ],
    "std": [
      0.09171697497367859,
      10.781230926513672,
      2.5649924278259277,
      1.0,
      0.03837307542562485,
      1.0,
      1.0,
      1.0
    ]
  },
  "config": {
    "objective": "masked_denoising",
    "mask_frac": 0.15,
    "chunk_length": 64,
    "stride": 32,
    "hidden_dim": 64,
    "bottleneck_dim": 16,
    "num_layers": 2,
    "dropout": 0.2,
    "lr": 0.001,
    "epochs": 15,
    "seed": 42,
    "n_train_chunks": 6319420,
    "corpus": "cs2cd_full",
    "source": "s1",
    "dt_override_ms": null,
    "max_matches": 200,
    "n_units": 200,
    "split_unit": "match",
    "manifest_seed": 42,
    "branch": "THIN"
  },
  "training": {
    "train_loss": [
      0.5798535613727868,
      0.552569978293809,
      0.541578069656825,
      0.5290147974010836,
      0.5228201779189119,
      0.5115199598363646,
      0.518143926034777,
      0.4868541884967084,
      0.4938958456901536,
      0.5145738943109806,
      0.5054603746044563,
      0.4895030292012275,
      0.4935826645404909,
      0.4855757773101535,
      0.49474913834375567
    ],
    "val_loss": [
      0.43048019063105153,
      0.4302048635746132,
      0.4430434673636305,
      0.4194255373256042,
      0.4118584823066861,
      0.4239989216069071,
      0.42108815036940644,
      0.3516382634989052,
      0.3524195253197929,
      0.45833383958871077,
      0.44561349541026485,
      0.3800658224819644,
      0.3476028849960265,
      0.4759484564653531,
      0.3441432728786842
    ],
    "best_val_loss": 0.3441432728786842,
    "best_epoch": 15,
    "device": "cuda"
  }
}
