{
  "feature_dim": 8,
  "hidden_dim": 64,
  "bottleneck_dim": 16,
  "num_layers": 2,
  "normalizer": {
    "mean": [
      1.8309409618377686,
      0.038448210805654526,
      0.028634879738092422,
      1.0,
      0.0010883166687563062,
      0.0,
      0.0,
      0.0
    ],
    "std": [
      0.18420258164405823,
      2.0352230072021484,
      1.2652065753936768,
      1.0,
      0.032956309616565704,
      1.0,
      1.0,
      1.0
    ]
  },
  "config": {
    "objective": "contrastive_ntxent",
    "temperature": 0.5,
    "proj_dim": 32,
    "chunk_length": 64,
    "stride": 64,
    "epochs": 20,
    "max_chunks_per_epoch": 250000,
    "seed": 42,
    "hidden_dim": 64,
    "bottleneck_dim": 16,
    "num_layers": 2,
    "corpus": "captcha30k",
    "n_units": 6000
  },
  "training": {
    "train_loss": [
      5.741316368899395,
      5.577533111129839,
      5.555228635207894,
      5.536449109156107,
      5.521959589928696,
      5.5012538838632326,
      5.4772649806799345,
      5.45548823690906,
      5.442459491110339,
      5.437398524628472,
      5.4324545147492715,
      5.427104471885052,
      5.423463020128073,
      5.420290578271925,
      5.417771187025247,
      5.413829128766797,
      5.411680323561442,
      5.408002766137271,
      5.4062837239393255,
      5.4035310696080785
    ],
    "val_loss": [
      5.58310182671418,
      5.538450551027885,
      5.52324689200865,
      5.506854263517416,
      5.491331515794475,
      5.466524075403915,
      5.463581601320155,
      5.430703461128013,
      5.423993352604021,
      5.41576724686422,
      5.411824948333066,
      5.4062278747793355,
      5.404211605162638,
      5.40090268871418,
      5.397720231287714,
      5.394458605775892,
      5.393056023116845,
      5.389836671561541,
      5.3849880586253995,
      5.386969527346071
    ],
    "best_val_loss": 5.3849880586253995,
    "best_epoch": 19,
    "device": "cuda"
  }
}
