{
  "feature_dim": 8,
  "hidden_dim": 64,
  "bottleneck_dim": 16,
  "num_layers": 2,
  "normalizer": {
    "mean": [
      2.9062352180480957,
      0.0006705282139591873,
      0.00012844362936448306,
      1.0,
      0.0015211396384984255,
      0.0,
      0.0,
      0.0
    ],
    "std": [
      0.10189896076917648,
      13.576065063476562,
      6.138731956481934,
      1.0,
      0.038944609463214874,
      1.0,
      1.0,
      1.0
    ]
  },
  "config": {
    "objective": "contrastive_ntxent",
    "temperature": 0.5,
    "proj_dim": 32,
    "chunk_length": 64,
    "stride": 64,
    "epochs": 20,
    "max_chunks_per_epoch": 250000,
    "seed": 42,
    "hidden_dim": 64,
    "bottleneck_dim": 16,
    "num_layers": 2,
    "corpus": "cs2cd_full",
    "source": "s1",
    "volume": 50
  },
  "training": {
    "train_loss": [
      6.200183782421175,
      5.9553665753270755,
      5.954845259424116,
      5.86580498589844,
      5.935266804499705,
      5.8940566954065545,
      5.8963066173381495,
      5.872958943492076,
      5.862790749698389,
      5.8834445613329525,
      5.836204088125073,
      5.8602339889182415,
      5.878758217467636,
      5.852676784405943,
      5.850803836447294,
      5.835544923289877,
      5.8471507879554245,
      5.871221522815892,
      5.865084239693939,
      5.837345171170156
    ],
    "val_loss": [
      6.068320415552908,
      5.997581729352603,
      6.019985234085981,
      5.9740244516854855,
      5.958406486118679,
      5.951109484577878,
      5.949353146715614,
      5.9405982840173195,
      5.938520121713985,
      5.931496933367575,
      5.921256246314236,
      5.920045728649071,
      5.921376190282872,
      5.916032960396817,
      5.9143993387227445,
      5.9131062600477335,
      5.910178155425072,
      5.918298977314065,
      5.931727878061545,
      5.911582133403231
    ],
    "best_val_loss": 5.910178155425072,
    "best_epoch": 17,
    "device": "cuda"
  }
}
