{
  "feature_dim": 8,
  "hidden_dim": 64,
  "bottleneck_dim": 16,
  "num_layers": 2,
  "normalizer": {
    "mean": [
      3.583082437515259,
      -0.026483647525310516,
      0.0021015137899667025,
      0.8904991149902344,
      0.03462229296565056,
      0.040256317704916,
      0.0,
      0.0
    ],
    "std": [
      1.828704595565796,
      49.83943557739258,
      40.11919403076172,
      0.31634846329689026,
      0.18141944706439972,
      0.19411581754684448,
      1.0,
      1.0
    ]
  },
  "config": {
    "objective": "contrastive_ntxent",
    "corpus": "balabit",
    "noscale": false,
    "temperature": 0.5,
    "proj_dim": 32,
    "chunk_length": 64,
    "stride": 32,
    "epochs": 30,
    "seed": 42,
    "hidden_dim": 64,
    "bottleneck_dim": 16,
    "num_layers": 2
  },
  "training": {
    "train_loss": [
      5.0876551264340115,
      4.793359591788852,
      4.7512633775927355,
      4.727827792315139,
      4.708375527686679,
      4.696897460013321,
      4.6811363967423585,
      4.674241029110151,
      4.660573775006323,
      4.654962773175583,
      4.649251431533971,
      4.641394585678258,
      4.642098131868028,
      4.63390306836551,
      4.633349605442322,
      4.62217695688464,
      4.6189428039432805,
      4.6152288422142105,
      4.607385234734447,
      4.606753423041904,
      4.601135539025376,
      4.598700066202695,
      4.595152945862603,
      4.590697386830123,
      4.589494511024239,
      4.585540356095304,
      4.584888829398401,
      4.581642578557594,
      4.577767372131348,
      4.575710783299711
    ],
    "val_loss": [
      5.462943157210479,
      5.385373644702979,
      5.311415715070316,
      5.287123384883395,
      5.242241284627323,
      5.2282436075423195,
      5.19986462680858,
      5.180033324369016,
      5.180204339397053,
      5.1784731105052275,
      5.17799921078681,
      5.147061219364618,
      5.153704311979843,
      5.128610921164529,
      5.126897810963088,
      5.104357892249254,
      5.126736717785909,
      5.103292803940877,
      5.077235963891244,
      5.087328608915298,
      5.093780645589737,
      5.069784409284446,
      5.070179908254635,
      5.05957836148002,
      5.058599539197132,
      5.058528463492781,
      5.057876843181118,
      5.0518823654087415,
      5.045692178412532,
      5.050325336961518
    ],
    "best_val_loss": 5.045692178412532,
    "best_epoch": 29,
    "device": "cuda"
  }
}
