{
  "feature_dim": 8,
  "hidden_dim": 64,
  "bottleneck_dim": 16,
  "num_layers": 2,
  "normalizer": {
    "mean": [
      0.0,
      -2.48471897066338e-05,
      -9.118234629568178e-06,
      1.0,
      0.001531179528683424,
      0.0,
      0.0,
      0.0
    ],
    "std": [
      1.0,
      10.518409729003906,
      2.3519155979156494,
      1.0,
      0.03907107934355736,
      1.0,
      1.0,
      1.0
    ]
  },
  "config": {
    "objective": "masked_denoising",
    "mask_frac": 0.15,
    "chunk_length": 64,
    "stride": 32,
    "hidden_dim": 64,
    "bottleneck_dim": 16,
    "num_layers": 2,
    "dropout": 0.2,
    "lr": 0.001,
    "epochs": 15,
    "seed": 42,
    "n_train_chunks": 12491473,
    "corpus": "cs2cd_full",
    "source": "s2",
    "dt_override_ms": 0.0,
    "max_matches": 382,
    "n_units": 382,
    "split_unit": "match",
    "manifest_seed": 42,
    "branch": "THIN"
  },
  "training": {
    "train_loss": [
      0.7677578187460817,
      0.743650887644761,
      0.7360978037779857,
      0.7291802597831687,
      0.7274991766865623,
      0.7278571357580699,
      0.7271716818088738,
      0.718614950686285,
      0.7143815039825592,
      0.718101157285893,
      0.7259631818430615,
      0.7210288578629047,
      0.7170189063360316,
      0.7108518917265274,
      0.7187614437906619
    ],
    "val_loss": [
      0.4915884776562758,
      0.4637447372787495,
      0.44482813744373007,
      0.5029474360465118,
      0.4434585593186512,
      0.44386050926508186,
      0.4932434859411715,
      0.4547027678048057,
      0.47930576381104206,
      0.40760691203636235,
      0.5008120414942145,
      0.40771264264323687,
      0.5251342892806461,
      0.4398495777998476,
      0.4303810065773428
    ],
    "best_val_loss": 0.40760691203636235,
    "best_epoch": 10,
    "device": "cuda"
  }
}
