{
  "feature_dim": 8,
  "hidden_dim": 64,
  "bottleneck_dim": 16,
  "num_layers": 2,
  "normalizer": {
    "mean": [
      2.7226688861846924,
      -5.237184450379573e-05,
      -2.699579511045158e-07,
      1.0,
      0.0014768049586564302,
      0.0,
      0.0,
      0.0
    ],
    "std": [
      0.09171697497367859,
      10.781230926513672,
      2.5649924278259277,
      1.0,
      0.03837307542562485,
      1.0,
      1.0,
      1.0
    ]
  },
  "config": {
    "objective": "contrastive_ntxent",
    "temperature": 0.5,
    "proj_dim": 32,
    "chunk_length": 64,
    "stride": 64,
    "epochs": 20,
    "max_chunks_per_epoch": 250000,
    "seed": 42,
    "hidden_dim": 64,
    "bottleneck_dim": 16,
    "num_layers": 2,
    "corpus": "cs2cd_full",
    "source": "s1",
    "volume": 200
  },
  "training": {
    "train_loss": [
      6.160251242215516,
      5.884985230985235,
      5.8713457271701,
      5.851614968698533,
      5.827905040295398,
      5.798137295441549,
      5.809972700525503,
      5.808616987017334,
      5.781652361643119,
      5.803006557167554,
      5.788496401466307,
      5.757944122689669,
      5.785358164154116,
      5.7850749580586545,
      5.74885544522864,
      5.751199502436841,
      5.748922392970226,
      5.76866328520853,
      5.801542447238672,
      5.761264353501992
    ],
    "val_loss": [
      5.969046899973887,
      5.917803530770606,
      5.885551761880157,
      5.874407599552855,
      5.868966378955365,
      5.857457288856368,
      5.854172858757278,
      5.856376316397138,
      5.845836570171865,
      5.830609036762686,
      5.835227786419963,
      5.8266653067987875,
      5.81972551177619,
      5.837961988975187,
      5.824737436318593,
      5.809096448625701,
      5.811721525753086,
      5.829454996845643,
      5.810939073008488,
      5.817560902809932
    ],
    "best_val_loss": 5.809096448625701,
    "best_epoch": 16,
    "device": "cuda"
  }
}
